Fname,Name,Email,Address,Empreint
John,Doe,john.doe@email.com,3,123 Main St
Jane,Smith,jane.smith@email.com,2,456 Oak Ave
Alice,Johnson,alice.johnson@email.com,1,789 Elm Blvd
Bob,Williams,bob.williams@email.com,0,101 Pine Rd
Eva,Jones,eva.jones@email.com,5,202 Maple Ln
Michael,Brown,michael.brown@email.com,2,303 Cedar Dr
Sophia,Miller,sophia.miller@email.com,1,404 Birch Ct
Matthew,Davis,matthew.davis@email.com,3,505 Pine Rd
Olivia,Garcia,olivia.garcia@email.com,4,606 Oak Ave
Daniel,Thomas,daniel.thomas@email.com,1,707 Elm Blvd
Emma,Moore,emma.moore@email.com,0,808 Maple Ln
William,Hall,william.hall@email.com,2,909 Cedar Dr
Ava,Hill,ava.hill@email.com,3,1010 Birch Ct
James,Allen,james.allen@email.com,1,1111 Pine Rd
Mia,Green,mia.green@email.com,2,1212 Oak Ave
David,Young,david.young@email.com,0,1313 Elm Blvd
Sophie,King,sophie.king@email.com,1,1414 Maple Ln
Benjamin,Scott,benjamin.scott@email.com,4,1515 Cedar Dr
Emily,Wright,emily.wright@email.com,2,1616 Birch Ct
Logan,Baker,logan.baker@email.com,3,1717 Pine Rd
Amelia,Cook,amelia.cook@email.com,0,1818 Oak Ave
Elijah,Ward,elijah.ward@email.com,2,1919 Elm Blvd
Avery,Hudson,avery.hudson@email.com,1,2020 Maple Ln
Oliver,Cooper,oliver.cooper@email.com,3,2121 Cedar Dr
Abigail,Hughes,abigail.hughes@email.com,0,2222 Birch Ct
Henry,Ross,henry.ross@email.com,1,2323 Pine Rd
Lily,Perez,lily.perez@email.com,2,2424 Oak Ave
Jackson,Reed,jackson.reed@email.com,1,2525 Elm Blvd
Sofia,Morgan,sofia.morgan@email.com,0,2626 Maple Ln
Alexander,Campbell,alexander.campbell@email.com,2,2727 Cedar Dr
Grace,Ramirez,grace.ramirez@email.com,3,2828 Birch Ct
Samuel,Gray,samuel.gray@email.com,1,2929 Pine Rd
Charlotte,Kelly,charlotte.kelly@email.com,2,3030 Oak Ave
